Time,1
2018-11-09 12:00:50,"287,420,0"
2018-11-09 12:00:51,"285,420,0"
2018-11-09 12:00:52,"294,419,0"
2018-11-09 12:00:52,"287,420,0"
2018-11-09 12:00:53,"287,420,0"
2018-11-09 12:00:54,"286,420,0"
2018-11-09 12:00:54,"286,420,0"
2018-11-09 12:00:55,"286,420,0"
2018-11-09 12:00:56,"286,420,0"
2018-11-09 12:00:57,"286,420,0"
2018-11-09 12:00:57,"286,418,0"
2018-11-09 12:00:58,"286,418,0"
2018-11-09 12:00:59,"288,418,0"
2018-11-09 12:00:59,"288,416,0"
2018-11-09 12:01:00,"288,416,0"
2018-11-09 12:01:01,"296,416,0"
2018-11-09 12:01:02,"295,415,0"
2018-11-09 12:01:02,"289,413,0"
2018-11-09 12:01:03,"292,415,0"
2018-11-09 12:01:04,"289,413,0"
2018-11-09 12:01:04,"298,412,0"
2018-11-09 12:01:05,"290,412,0"
2018-11-09 12:01:06,"290,412,0"
2018-11-09 12:01:06,"290,412,0"
2018-11-09 12:01:07,"290,412,0"
2018-11-09 12:01:08,"290,413,0"
2018-11-09 12:01:08,"290,414,0"
2018-11-09 12:01:09,"290,414,0"
2018-11-09 12:01:10,"289,414,0"
2018-11-09 12:01:10,"289,414,0"
2018-11-09 12:01:11,"289,414,0"
2018-11-09 12:01:12,"289,414,0"
2018-11-09 12:01:12,"289,413,0"
2018-11-09 12:01:13,"289,413,0"
2018-11-09 12:01:14,"289,412,0"
2018-11-09 12:01:14,"293,414,0"
2018-11-09 12:01:15,"290,410,0"
2018-11-09 12:01:16,"299,409,0"
2018-11-09 12:01:16,"300,408,0"
2018-11-09 12:01:17,"295,404,0"
2018-11-09 12:01:18,"304,402,0"
2018-11-09 12:01:18,"299,399,0"
2018-11-09 12:01:19,"309,396,0"
2018-11-09 12:01:20,"312,391,0"
2018-11-09 12:01:20,"313,385,0"
2018-11-09 12:01:21,"333,382,0"
2018-11-09 12:01:22,"341,376,0"
2018-11-09 12:01:22,"360,369,0"
2018-11-09 12:01:23,"383,362,0"
2018-11-09 12:01:24,"398,357,0"
2018-11-09 12:01:24,"401,355,0"
2018-11-09 12:01:25,"403,353,0"
2018-11-09 12:01:25,"401,352,0"
2018-11-09 12:01:26,"400,351,0"
2018-11-09 12:01:27,"400,349,0"
2018-11-09 12:01:27,"398,347,0"
2018-11-09 12:01:28,"397,347,0"
2018-11-09 12:01:29,"397,344,0"
2018-11-09 12:01:29,"398,342,0"
2018-11-09 12:01:30,"397,339,0"
2018-11-09 12:01:31,"396,336,0"
2018-11-09 12:01:31,"397,332,0"
2018-11-09 12:01:32,"398,330,0"
2018-11-09 12:01:33,"399,328,0"
2018-11-09 12:01:33,"411,323,0"
2018-11-09 12:01:34,"407,316,0"
2018-11-09 12:01:35,"421,312,0"
2018-11-09 12:01:35,"418,308,0"
2018-11-09 12:01:36,"431,305,0"
2018-11-09 12:01:37,"428,304,0"
2018-11-09 12:01:37,"431,304,0"
2018-11-09 12:01:38,"430,302,0"
2018-11-09 12:01:39,"432,302,0"
2018-11-09 12:01:39,"442,303,0"
2018-11-09 12:01:40,"444,303,0"
2018-11-09 12:01:41,"446,303,0"
2018-11-09 12:01:42,"446,303,0"
2018-11-09 12:01:42,"447,303,0"
2018-11-09 12:01:43,"447,303,0"
2018-11-09 12:01:44,"446,303,0"
2018-11-09 12:01:45,"447,303,0"
2018-11-09 12:01:45,"448,303,0"
2018-11-09 12:01:46,"448,303,0"
2018-11-09 12:01:47,"448,302,0"
2018-11-09 12:01:47,"450,302,0"
2018-11-09 12:01:48,"451,302,0"
2018-11-09 12:01:49,"452,303,0"
2018-11-09 12:01:49,"452,303,0"
2018-11-09 12:01:50,"453,303,0"
2018-11-09 12:01:51,"454,303,0"
2018-11-09 12:01:51,"455,303,0"
2018-11-09 12:01:52,"455,303,0"
2018-11-09 12:01:53,"455,303,0"
2018-11-09 12:01:53,"455,303,0"
2018-11-09 12:01:54,"456,303,0"
2018-11-09 12:01:55,"456,303,0"
2018-11-09 12:01:56,"456,303,0"
2018-11-09 12:01:56,"454,303,0"
2018-11-09 12:01:57,"454,303,0"
2018-11-09 12:01:58,"454,303,0"
2018-11-09 12:01:58,"454,303,0"
2018-11-09 12:01:59,"454,303,0"
2018-11-09 12:02:00,"454,303,0"
2018-11-09 12:02:00,"454,303,0"
2018-11-09 12:02:01,"453,303,0"
2018-11-09 12:02:02,"453,305,0"
2018-11-09 12:02:02,"453,305,0"
2018-11-09 12:02:03,"453,305,0"
2018-11-09 12:02:04,"454,307,0"
2018-11-09 12:02:04,"454,308,0"
2018-11-09 12:02:05,"454,308,0"
2018-11-09 12:02:06,"455,310,0"
2018-11-09 12:02:06,"456,309,0"
2018-11-09 12:02:07,"459,309,0"
2018-11-09 12:02:08,"461,309,0"
2018-11-09 12:02:08,"464,308,0"
2018-11-09 12:02:09,"467,308,0"
2018-11-09 12:02:10,"469,307,0"
2018-11-09 12:02:11,"472,308,0"
2018-11-09 12:02:11,"474,307,0"
2018-11-09 12:02:12,"473,307,0"
2018-11-09 12:02:13,"473,307,0"
2018-11-09 12:02:13,"473,307,0"
2018-11-09 12:02:14,"473,307,0"
2018-11-09 12:02:15,"473,307,0"
2018-11-09 12:02:15,"471,307,0"
2018-11-09 12:02:16,"471,308,0"
2018-11-09 12:02:17,"471,308,0"
2018-11-09 12:02:17,"471,308,0"
2018-11-09 12:02:18,"471,308,0"
2018-11-09 12:02:19,"470,308,0"
2018-11-09 12:02:19,"470,308,0"
2018-11-09 12:02:20,"470,308,0"
2018-11-09 12:02:21,"470,310,0"
2018-11-09 12:02:21,"470,310,0"
2018-11-09 12:02:22,"470,310,0"
2018-11-09 12:02:23,"470,310,0"
2018-11-09 12:02:23,"470,310,0"
2018-11-09 12:02:24,"470,310,0"
2018-11-09 12:02:25,"470,311,0"
2018-11-09 12:02:25,"470,310,0"
2018-11-09 12:02:26,"470,311,0"
2018-11-09 12:02:27,"470,311,0"
2018-11-09 12:02:28,"470,311,0"
2018-11-09 12:02:28,"470,312,0"
2018-11-09 12:02:29,"472,312,0"
2018-11-09 12:02:30,"472,312,0"
2018-11-09 12:02:30,"472,312,0"
2018-11-09 12:02:31,"473,312,0"
2018-11-09 12:02:32,"474,312,0"
2018-11-09 12:02:32,"474,312,0"
2018-11-09 12:02:33,"474,312,0"
2018-11-09 12:02:34,"475,312,0"
2018-11-09 12:02:35,"476,312,0"
2018-11-09 12:02:35,"477,310,0"
2018-11-09 12:02:36,"478,310,0"
2018-11-09 12:02:37,"479,310,0"
2018-11-09 12:02:37,"476,308,0"
2018-11-09 12:02:38,"480,310,0"
2018-11-09 12:02:39,"483,312,0"
2018-11-09 12:02:40,"481,308,0"
2018-11-09 12:02:40,"482,308,0"
2018-11-09 12:02:41,"483,308,0"
2018-11-09 12:02:42,"483,308,0"
2018-11-09 12:02:42,"483,307,0"
2018-11-09 12:02:43,"483,307,0"
2018-11-09 12:02:44,"483,307,0"
2018-11-09 12:02:44,"482,308,0"
2018-11-09 12:02:45,"481,308,0"
2018-11-09 12:02:46,"481,308,0"
2018-11-09 12:02:47,"481,308,0"
2018-11-09 12:02:47,"480,308,0"
2018-11-09 12:02:48,"480,308,0"
2018-11-09 12:02:49,"479,308,0"
2018-11-09 12:02:49,"479,308,0"
2018-11-09 12:02:50,"479,308,0"
2018-11-09 12:02:51,"480,308,0"
2018-11-09 12:02:51,"480,308,0"
2018-11-09 12:02:52,"480,308,0"
2018-11-09 12:02:53,"480,308,0"
2018-11-09 12:02:53,"480,308,0"
2018-11-09 12:02:54,"480,308,0"
2018-11-09 12:02:55,"480,308,0"
2018-11-09 12:02:56,"481,308,0"
2018-11-09 12:02:56,"481,308,0"
2018-11-09 12:02:57,"481,309,0"
2018-11-09 12:02:58,"481,309,0"
2018-11-09 12:02:58,"481,309,0"
2018-11-09 12:02:59,"482,309,0"
2018-11-09 12:03:00,"482,309,0"
2018-11-09 12:03:00,"482,310,0"
2018-11-09 12:03:01,"482,311,0"
2018-11-09 12:03:02,"482,311,0"
2018-11-09 12:03:02,"483,311,0"
2018-11-09 12:03:03,"483,311,0"
2018-11-09 12:03:04,"483,311,0"
2018-11-09 12:03:05,"483,312,0"
2018-11-09 12:03:05,"483,312,0"
2018-11-09 12:03:06,"483,312,0"
2018-11-09 12:03:07,"483,313,0"
2018-11-09 12:03:07,"483,313,0"
2018-11-09 12:03:08,"483,313,0"
2018-11-09 12:03:09,"483,313,0"
2018-11-09 12:03:10,"483,313,0"
2018-11-09 12:03:10,"483,313,0"
2018-11-09 12:03:11,"484,313,0"
2018-11-09 12:03:12,"484,313,0"
2018-11-09 12:03:12,"484,313,0"
2018-11-09 12:03:13,"484,313,0"
2018-11-09 12:03:14,"484,313,0"
2018-11-09 12:03:15,"484,313,0"
2018-11-09 12:03:15,"484,313,0"
2018-11-09 12:03:16,"484,313,0"
2018-11-09 12:03:17,"484,313,0"
2018-11-09 12:03:17,"484,313,0"
2018-11-09 12:03:18,"484,313,0"
2018-11-09 12:03:19,"484,313,0"
2018-11-09 12:03:20,"484,313,0"
2018-11-09 12:03:20,"484,313,0"
2018-11-09 12:03:21,"484,313,0"
2018-11-09 12:03:22,"484,313,0"
2018-11-09 12:03:22,"485,313,0"
2018-11-09 12:03:23,"485,314,0"
2018-11-09 12:03:24,"485,313,0"
2018-11-09 12:03:25,"485,314,0"
2018-11-09 12:03:25,"485,314,0"
2018-11-09 12:03:26,"485,314,0"
2018-11-09 12:03:27,"485,314,0"
2018-11-09 12:03:27,"486,314,0"
2018-11-09 12:03:28,"485,314,0"
2018-11-09 12:03:29,"486,314,0"
2018-11-09 12:03:30,"485,314,0"
2018-11-09 12:03:30,"486,314,0"
2018-11-09 12:03:31,"486,314,0"
2018-11-09 12:03:32,"485,314,0"
2018-11-09 12:03:32,"486,314,0"
2018-11-09 12:03:33,"486,314,0"
2018-11-09 12:03:34,"486,314,0"
2018-11-09 12:03:35,"486,314,0"
2018-11-09 12:03:35,"487,314,0"
2018-11-09 12:03:36,"487,314,0"
2018-11-09 12:03:37,"487,315,0"
2018-11-09 12:03:38,"487,315,0"
2018-11-09 12:03:38,"487,315,0"
2018-11-09 12:03:39,"487,315,0"
2018-11-09 12:03:40,"487,315,0"
2018-11-09 12:03:40,"487,316,0"
2018-11-09 12:03:41,"487,316,0"
2018-11-09 12:03:42,"487,316,0"
2018-11-09 12:03:43,"487,316,0"
2018-11-09 12:03:43,"487,316,0"
2018-11-09 12:03:44,"487,316,0"
2018-11-09 12:03:45,"488,316,0"
2018-11-09 12:03:45,"487,316,0"
2018-11-09 12:03:46,"488,316,0"
2018-11-09 12:03:47,"488,317,0"
2018-11-09 12:03:48,"488,316,0"
2018-11-09 12:03:48,"488,316,0"
2018-11-09 12:03:49,"488,316,0"
2018-11-09 12:03:50,"488,316,0"
2018-11-09 12:03:51,"488,317,0"
2018-11-09 12:03:51,"488,317,0"
2018-11-09 12:03:52,"488,317,0"
2018-11-09 12:03:53,"488,317,0"
2018-11-09 12:03:53,"488,317,0"
2018-11-09 12:03:54,"488,317,0"
2018-11-09 12:03:55,"488,317,0"
2018-11-09 12:03:56,"488,317,0"
2018-11-09 12:03:56,"488,317,0"
2018-11-09 12:03:57,"488,317,0"
2018-11-09 12:03:58,"488,315,0"
2018-11-09 12:03:59,"488,315,0"
2018-11-09 12:03:59,"488,315,0"
2018-11-09 12:04:00,"488,316,0"
2018-11-09 12:04:01,"488,316,0"
2018-11-09 12:04:01,"488,315,0"
2018-11-09 12:04:02,"489,316,0"
2018-11-09 12:04:03,"489,316,0"
2018-11-09 12:04:04,"489,316,0"
2018-11-09 12:04:04,"489,316,0"
2018-11-09 12:04:05,"489,316,0"
2018-11-09 12:04:06,"489,315,0"
2018-11-09 12:04:07,"489,315,0"
2018-11-09 12:04:07,"489,316,0"
2018-11-09 12:04:08,"489,317,0"
2018-11-09 12:04:09,"489,317,0"
2018-11-09 12:04:10,"489,317,0"
2018-11-09 12:04:10,"489,317,0"
2018-11-09 12:04:11,"489,316,0"
2018-11-09 12:04:12,"489,316,0"
2018-11-09 12:04:12,"489,316,0"
2018-11-09 12:04:13,"490,316,0"
2018-11-09 12:04:14,"490,316,0"
2018-11-09 12:04:15,"490,316,0"
2018-11-09 12:04:15,"490,316,0"
2018-11-09 12:04:16,"490,316,0"
2018-11-09 12:04:17,"490,316,0"
2018-11-09 12:04:17,"490,316,0"
2018-11-09 12:04:18,"490,316,0"
2018-11-09 12:04:19,"491,316,0"
2018-11-09 12:04:20,"491,316,0"
2018-11-09 12:04:20,"492,316,0"
2018-11-09 12:04:21,"492,316,0"
2018-11-09 12:04:22,"493,316,0"
2018-11-09 12:04:23,"493,316,0"
2018-11-09 12:04:23,"494,315,0"
2018-11-09 12:04:24,"494,315,0"
2018-11-09 12:04:25,"494,315,0"
2018-11-09 12:04:26,"494,315,0"
2018-11-09 12:04:26,"494,316,0"
2018-11-09 12:04:27,"494,316,0"
2018-11-09 12:04:28,"494,316,0"
2018-11-09 12:04:29,"493,316,0"
2018-11-09 12:04:29,"493,316,0"
2018-11-09 12:04:30,"492,316,0"
2018-11-09 12:04:31,"492,316,0"
2018-11-09 12:04:31,"491,316,0"
2018-11-09 12:04:32,"491,316,0"
2018-11-09 12:04:33,"491,316,0"
2018-11-09 12:04:34,"491,316,0"
2018-11-09 12:04:34,"491,316,0"
2018-11-09 12:04:35,"491,316,0"
2018-11-09 12:04:36,"491,316,0"
2018-11-09 12:04:37,"491,316,0"
2018-11-09 12:04:37,"491,316,0"
2018-11-09 12:04:38,"491,316,0"
2018-11-09 12:04:39,"491,316,0"
2018-11-09 12:04:40,"491,316,0"
2018-11-09 12:04:40,"491,316,0"
2018-11-09 12:04:41,"492,316,0"
2018-11-09 12:04:42,"492,316,0"
2018-11-09 12:04:43,"492,316,0"
2018-11-09 12:04:43,"492,316,0"
2018-11-09 12:04:44,"492,317,0"
2018-11-09 12:04:45,"492,317,0"
2018-11-09 12:04:45,"492,316,0"
2018-11-09 12:04:46,"492,317,0"
2018-11-09 12:04:47,"492,317,0"
2018-11-09 12:04:48,"492,317,0"
2018-11-09 12:04:48,"492,317,0"
2018-11-09 12:04:49,"492,317,0"
2018-11-09 12:04:50,"492,317,0"
2018-11-09 12:04:51,"493,317,0"
2018-11-09 12:04:51,"492,318,0"
2018-11-09 12:04:52,"494,318,0"
2018-11-09 12:04:53,"493,318,0"
2018-11-09 12:04:53,"494,318,0"
2018-11-09 12:04:54,"494,318,0"
2018-11-09 12:04:55,"494,318,0"
2018-11-09 12:04:56,"494,318,0"
2018-11-09 12:04:56,"494,318,0"
2018-11-09 12:04:57,"494,318,0"
2018-11-09 12:04:58,"494,318,0"
2018-11-09 12:04:59,"494,318,0"
2018-11-09 12:04:59,"494,318,0"
2018-11-09 12:05:00,"494,318,0"
2018-11-09 12:05:01,"494,318,0"
2018-11-09 12:05:01,"494,318,0"
2018-11-09 12:05:02,"494,318,0"
2018-11-09 12:05:03,"494,318,0"
2018-11-09 12:05:04,"494,318,0"
2018-11-09 12:05:04,"494,318,0"
2018-11-09 12:05:05,"494,318,0"
2018-11-09 12:05:06,"494,318,0"
2018-11-09 12:05:07,"494,318,0"
2018-11-09 12:05:07,"494,318,0"
2018-11-09 12:05:08,"494,318,0"
2018-11-09 12:05:09,"494,318,0"
2018-11-09 12:05:10,"494,318,0"
2018-11-09 12:05:10,"494,318,0"
2018-11-09 12:05:11,"494,318,0"
2018-11-09 12:05:12,"494,318,0"
2018-11-09 12:05:13,"494,318,0"
2018-11-09 12:05:13,"494,318,0"
2018-11-09 12:05:14,"494,318,0"
2018-11-09 12:05:15,"494,318,0"
2018-11-09 12:05:16,"494,318,0"
2018-11-09 12:05:16,"494,318,0"
2018-11-09 12:05:17,"495,318,0"
2018-11-09 12:05:18,"495,318,0"
2018-11-09 12:05:18,"495,318,0"
2018-11-09 12:05:19,"496,319,0"
2018-11-09 12:05:20,"495,319,0"
2018-11-09 12:05:21,"496,319,0"
2018-11-09 12:05:21,"495,319,0"
2018-11-09 12:05:22,"496,319,0"
2018-11-09 12:05:23,"496,319,0"
2018-11-09 12:05:24,"496,319,0"
2018-11-09 12:05:24,"496,319,0"
2018-11-09 12:05:25,"496,319,0"
2018-11-09 12:05:26,"496,319,0"
2018-11-09 12:05:27,"496,319,0"
2018-11-09 12:05:27,"496,319,0"
2018-11-09 12:05:28,"496,319,0"
2018-11-09 12:05:29,"496,320,0"
2018-11-09 12:05:30,"496,320,0"
2018-11-09 12:05:30,"496,321,0"
2018-11-09 12:05:31,"496,320,0"
2018-11-09 12:05:32,"496,320,0"
2018-11-09 12:05:33,"496,321,0"
2018-11-09 12:05:33,"496,320,0"
2018-11-09 12:05:34,"496,320,0"
2018-11-09 12:05:35,"496,320,0"
2018-11-09 12:05:36,"496,320,0"
2018-11-09 12:05:36,"496,321,0"
2018-11-09 12:05:37,"496,321,0"
2018-11-09 12:05:38,"496,321,0"
2018-11-09 12:05:39,"496,321,0"
2018-11-09 12:05:39,"496,321,0"
2018-11-09 12:05:40,"496,321,0"
2018-11-09 12:05:41,"496,321,0"
2018-11-09 12:05:42,"496,321,0"
2018-11-09 12:05:42,"496,321,0"
2018-11-09 12:05:43,"497,321,0"
2018-11-09 12:05:44,"496,321,0"
2018-11-09 12:05:45,"497,321,0"
2018-11-09 12:05:45,"497,321,0"
2018-11-09 12:05:46,"497,321,0"
2018-11-09 12:05:47,"496,321,0"
2018-11-09 12:05:48,"496,321,0"
2018-11-09 12:05:48,"496,321,0"
2018-11-09 12:05:49,"496,321,0"
2018-11-09 12:05:50,"496,321,0"
2018-11-09 12:05:51,"496,321,0"
2018-11-09 12:05:51,"497,321,0"
2018-11-09 12:05:52,"497,321,0"
2018-11-09 12:05:53,"496,321,0"
2018-11-09 12:05:54,"497,321,0"
2018-11-09 12:05:54,"496,321,0"
2018-11-09 12:05:55,"496,321,0"
2018-11-09 12:05:56,"497,321,0"
2018-11-09 12:05:57,"496,321,0"
2018-11-09 12:05:58,"497,321,0"
2018-11-09 12:05:58,"497,321,0"
2018-11-09 12:05:59,"497,321,0"
2018-11-09 12:06:00,"498,321,0"
2018-11-09 12:06:01,"498,321,0"
2018-11-09 12:06:01,"498,321,0"
2018-11-09 12:06:02,"498,322,0"
2018-11-09 12:06:03,"498,322,0"
2018-11-09 12:06:04,"498,322,0"
2018-11-09 12:06:04,"498,322,0"
2018-11-09 12:06:05,"498,322,0"
2018-11-09 12:06:06,"498,322,0"
2018-11-09 12:06:07,"498,322,0"
2018-11-09 12:06:07,"498,322,0"
2018-11-09 12:06:08,"498,322,0"
2018-11-09 12:06:09,"499,322,0"
2018-11-09 12:06:09,"499,322,0"
2018-11-09 12:06:10,"499,322,0"
2018-11-09 12:06:11,"499,322,0"
2018-11-09 12:06:12,"499,322,0"
2018-11-09 12:06:12,"499,323,0"
2018-11-09 12:06:13,"499,323,0"
2018-11-09 12:06:14,"499,323,0"
2018-11-09 12:06:15,"499,322,0"
2018-11-09 12:06:15,"499,322,0"
2018-11-09 12:06:16,"499,323,0"
2018-11-09 12:06:17,"499,323,0"
2018-11-09 12:06:18,"499,323,0"
2018-11-09 12:06:18,"499,322,0"
2018-11-09 12:06:19,"499,322,0"
2018-11-09 12:06:20,"499,322,0"
2018-11-09 12:06:21,"499,322,0"
2018-11-09 12:06:22,"499,323,0"
2018-11-09 12:06:22,"499,323,0"
2018-11-09 12:06:23,"499,322,0"
2018-11-09 12:06:24,"499,323,0"
2018-11-09 12:06:25,"500,323,0"
2018-11-09 12:06:25,"499,323,0"
2018-11-09 12:06:26,"500,323,0"
2018-11-09 12:06:27,"499,323,0"
2018-11-09 12:06:28,"499,323,0"
2018-11-09 12:06:28,"499,323,0"
2018-11-09 12:06:29,"500,323,0"
2018-11-09 12:06:30,"500,323,0"
2018-11-09 12:06:31,"501,323,0"
2018-11-09 12:06:32,"501,323,0"
2018-11-09 12:06:32,"500,323,0"
2018-11-09 12:06:33,"501,323,0"
2018-11-09 12:06:34,"501,323,0"
2018-11-09 12:06:35,"501,323,0"
2018-11-09 12:06:35,"501,323,0"
2018-11-09 12:06:36,"501,323,0"
2018-11-09 12:06:37,"501,323,0"
2018-11-09 12:06:38,"501,323,0"
2018-11-09 12:06:38,"501,323,0"
2018-11-09 12:06:39,"501,323,0"
2018-11-09 12:06:40,"501,323,0"
2018-11-09 12:06:41,"501,323,0"
2018-11-09 12:06:41,"501,323,0"
2018-11-09 12:06:42,"501,323,0"
2018-11-09 12:06:43,"501,323,0"
2018-11-09 12:06:44,"501,323,0"
2018-11-09 12:06:45,"501,323,0"
2018-11-09 12:06:45,"501,323,0"
2018-11-09 12:06:46,"501,323,0"
2018-11-09 12:06:47,"501,323,0"
2018-11-09 12:06:48,"501,323,0"
2018-11-09 12:06:48,"501,323,0"
2018-11-09 12:06:49,"501,323,0"
2018-11-09 12:06:50,"501,323,0"
2018-11-09 12:06:51,"502,323,0"
2018-11-09 12:06:52,"502,323,0"
2018-11-09 12:06:52,"502,323,0"
2018-11-09 12:06:53,"502,323,0"
2018-11-09 12:06:54,"503,323,0"
2018-11-09 12:06:55,"503,323,0"
2018-11-09 12:06:55,"503,324,0"
2018-11-09 12:06:56,"503,324,0"
2018-11-09 12:06:57,"503,324,0"
2018-11-09 12:06:58,"503,324,0"
2018-11-09 12:06:59,"503,324,0"
2018-11-09 12:06:59,"503,324,0"
2018-11-09 12:07:00,"503,324,0"
2018-11-09 12:07:01,"503,324,0"
2018-11-09 12:07:02,"503,324,0"
2018-11-09 12:07:03,"503,325,0"
2018-11-09 12:07:03,"503,325,0"
2018-11-09 12:07:04,"503,325,0"
2018-11-09 12:07:05,"503,325,0"
2018-11-09 12:07:06,"503,325,0"
2018-11-09 12:07:07,"503,325,0"
2018-11-09 12:07:07,"503,325,0"
2018-11-09 12:07:08,"503,325,0"
2018-11-09 12:07:09,"503,325,0"
2018-11-09 12:07:10,"503,325,0"
2018-11-09 12:07:10,"503,325,0"
2018-11-09 12:07:11,"503,325,0"
2018-11-09 12:07:12,"503,325,0"
2018-11-09 12:07:13,"503,325,0"
2018-11-09 12:07:14,"503,325,0"
2018-11-09 12:07:14,"503,325,0"
2018-11-09 12:07:15,"503,325,0"
2018-11-09 12:07:16,"503,325,0"
2018-11-09 12:07:17,"503,325,0"
2018-11-09 12:07:17,"504,325,0"
2018-11-09 12:07:18,"504,325,0"
2018-11-09 12:07:19,"505,325,0"
2018-11-09 12:07:20,"505,325,0"
2018-11-09 12:07:21,"504,325,0"
2018-11-09 12:07:21,"505,325,0"
2018-11-09 12:07:22,"505,325,0"
2018-11-09 12:07:23,"505,325,0"
2018-11-09 12:07:24,"505,325,0"
2018-11-09 12:07:24,"505,325,0"
2018-11-09 12:07:25,"505,325,0"
2018-11-09 12:07:26,"505,325,0"
2018-11-09 12:07:27,"505,325,0"
2018-11-09 12:07:27,"505,325,0"
2018-11-09 12:07:28,"505,325,0"
2018-11-09 12:07:29,"505,325,0"
2018-11-09 12:07:30,"504,325,0"
2018-11-09 12:07:30,"505,325,0"
2018-11-09 12:07:31,"504,325,0"
2018-11-09 12:07:32,"505,326,0"
2018-11-09 12:07:33,"505,325,0"
2018-11-09 12:07:34,"505,326,0"
2018-11-09 12:07:34,"505,326,0"
2018-11-09 12:07:35,"505,325,0"
2018-11-09 12:07:36,"505,325,0"
2018-11-09 12:07:37,"506,326,0"
2018-11-09 12:07:37,"505,325,0"
2018-11-09 12:07:38,"505,325,0"
2018-11-09 12:07:39,"506,325,0"
2018-11-09 12:07:40,"506,326,0"
2018-11-09 12:07:40,"506,326,0"
2018-11-09 12:07:41,"506,326,0"
2018-11-09 12:07:42,"506,326,0"
2018-11-09 12:07:43,"506,326,0"
2018-11-09 12:07:44,"506,326,0"
2018-11-09 12:07:44,"506,326,0"
2018-11-09 12:07:45,"506,326,0"
2018-11-09 12:07:46,"506,326,0"
2018-11-09 12:07:47,"506,326,0"
2018-11-09 12:07:47,"506,325,0"
2018-11-09 12:07:48,"506,325,0"
2018-11-09 12:07:49,"506,326,0"
2018-11-09 12:07:50,"506,326,0"
2018-11-09 12:07:50,"506,326,0"
2018-11-09 12:07:51,"506,326,0"
2018-11-09 12:07:52,"506,325,0"
2018-11-09 12:07:53,"506,325,0"
2018-11-09 12:07:54,"506,325,0"
2018-11-09 12:07:54,"506,326,0"
2018-11-09 12:07:55,"507,325,0"
2018-11-09 12:07:56,"507,326,0"
2018-11-09 12:07:57,"507,325,0"
2018-11-09 12:07:57,"507,325,0"
2018-11-09 12:07:58,"507,325,0"
2018-11-09 12:07:59,"507,325,0"
2018-11-09 12:08:00,"507,325,0"
2018-11-09 12:08:00,"507,325,0"
2018-11-09 12:08:01,"507,325,0"
2018-11-09 12:08:02,"507,325,0"
2018-11-09 12:08:03,"507,325,0"
2018-11-09 12:08:04,"507,325,0"
2018-11-09 12:08:04,"508,325,0"
2018-11-09 12:08:05,"508,325,0"
2018-11-09 12:08:06,"508,325,0"
2018-11-09 12:08:07,"508,325,0"
2018-11-09 12:08:07,"508,326,0"
2018-11-09 12:08:08,"508,326,0"
2018-11-09 12:08:09,"508,327,0"
2018-11-09 12:08:10,"508,327,0"
2018-11-09 12:08:11,"508,327,0"
2018-11-09 12:08:11,"508,327,0"
2018-11-09 12:08:12,"508,327,0"
2018-11-09 12:08:13,"509,327,0"
2018-11-09 12:08:14,"499,327,0"
2018-11-09 12:08:14,"508,325,0"
2018-11-09 12:08:15,"516,324,0"
2018-11-09 12:08:16,"506,326,0"
2018-11-09 12:08:17,"499,327,0"
2018-11-09 12:08:18,"507,326,0"
2018-11-09 12:08:18,"499,327,0"
2018-11-09 12:08:19,"508,325,0"
2018-11-09 12:08:20,"517,324,0"
2018-11-09 12:08:21,"508,325,0"
2018-11-09 12:08:21,"509,327,0"
2018-11-09 12:08:22,"509,327,0"
2018-11-09 12:08:23,"509,326,0"
2018-11-09 12:08:24,"509,326,0"
2018-11-09 12:08:25,"509,326,0"
2018-11-09 12:08:25,"509,326,0"
2018-11-09 12:08:26,"509,326,0"
2018-11-09 12:08:27,"509,326,0"
2018-11-09 12:08:28,"509,326,0"
2018-11-09 12:08:29,"509,326,0"
2018-11-09 12:08:29,"509,326,0"
2018-11-09 12:08:30,"510,326,0"
2018-11-09 12:08:31,"509,326,0"
2018-11-09 12:08:32,"509,326,0"
2018-11-09 12:08:32,"509,326,0"
2018-11-09 12:08:33,"509,326,0"
2018-11-09 12:08:34,"509,326,0"
2018-11-09 12:08:35,"509,326,0"
2018-11-09 12:08:36,"509,326,0"
2018-11-09 12:08:36,"509,326,0"
2018-11-09 12:08:37,"509,326,0"
2018-11-09 12:08:38,"509,326,0"
2018-11-09 12:08:39,"509,326,0"
2018-11-09 12:08:40,"510,326,0"
2018-11-09 12:08:40,"510,325,0"
2018-11-09 12:08:41,"510,325,0"
2018-11-09 12:08:42,"510,325,0"
2018-11-09 12:08:43,"510,325,0"
2018-11-09 12:08:44,"510,325,0"
2018-11-09 12:08:44,"510,325,0"
2018-11-09 12:08:45,"511,325,0"
2018-11-09 12:08:46,"510,325,0"
2018-11-09 12:08:47,"511,325,0"
2018-11-09 12:08:48,"510,326,0"
2018-11-09 12:08:48,"511,326,0"
2018-11-09 12:08:49,"511,326,0"
2018-11-09 12:08:50,"511,325,0"
2018-11-09 12:08:51,"511,326,0"
2018-11-09 12:08:52,"511,326,0"
2018-11-09 12:08:53,"511,326,0"
2018-11-09 12:08:53,"512,326,0"
2018-11-09 12:08:54,"512,326,0"
2018-11-09 12:08:55,"512,326,0"
2018-11-09 12:08:56,"512,326,0"
2018-11-09 12:08:57,"511,326,0"
2018-11-09 12:08:58,"511,326,0"
2018-11-09 12:08:58,"511,326,0"
2018-11-09 12:08:59,"512,326,0"
2018-11-09 12:09:00,"512,326,0"
2018-11-09 12:09:01,"512,326,0"
2018-11-09 12:09:02,"512,326,0"
2018-11-09 12:09:02,"512,327,0"
2018-11-09 12:09:03,"512,327,0"
2018-11-09 12:09:04,"512,327,0"
2018-11-09 12:09:05,"512,327,0"
2018-11-09 12:09:06,"512,327,0"
2018-11-09 12:09:06,"512,328,0"
2018-11-09 12:09:07,"512,327,0"
2018-11-09 12:09:08,"512,328,0"
2018-11-09 12:09:09,"512,328,0"
2018-11-09 12:09:10,"512,328,0"
2018-11-09 12:09:10,"513,328,0"
2018-11-09 12:09:11,"512,328,0"
2018-11-09 12:09:12,"513,328,0"
2018-11-09 12:09:13,"514,328,0"
2018-11-09 12:09:14,"514,328,0"
2018-11-09 12:09:15,"514,328,0"
2018-11-09 12:09:15,"513,328,0"
2018-11-09 12:09:16,"513,328,0"
2018-11-09 12:09:17,"513,328,0"
2018-11-09 12:09:18,"514,328,0"
2018-11-09 12:09:19,"514,328,0"
2018-11-09 12:09:19,"514,328,0"
2018-11-09 12:09:20,"514,328,0"
2018-11-09 12:09:21,"514,328,0"
2018-11-09 12:09:22,"514,328,0"
2018-11-09 12:09:23,"514,328,0"
2018-11-09 12:09:23,"514,328,0"
2018-11-09 12:09:24,"514,328,0"
2018-11-09 12:09:25,"514,328,0"
2018-11-09 12:09:26,"514,328,0"
2018-11-09 12:09:27,"514,328,0"
2018-11-09 12:09:27,"514,328,0"
2018-11-09 12:09:28,"514,328,0"
2018-11-09 12:09:29,"514,328,0"
2018-11-09 12:09:30,"514,328,0"
2018-11-09 12:09:31,"515,328,0"
2018-11-09 12:09:31,"514,328,0"
2018-11-09 12:09:32,"514,328,0"
2018-11-09 12:09:33,"514,328,0"
2018-11-09 12:09:34,"514,328,0"
2018-11-09 12:09:35,"514,328,0"
2018-11-09 12:09:36,"514,328,0"
2018-11-09 12:09:36,"514,328,0"
2018-11-09 12:09:37,"515,328,0"
2018-11-09 12:09:38,"515,328,0"
2018-11-09 12:09:39,"515,328,0"
2018-11-09 12:09:39,"515,328,0"
2018-11-09 12:09:40,"515,328,0"
2018-11-09 12:09:41,"515,328,0"
2018-11-09 12:09:42,"515,329,0"
2018-11-09 12:09:43,"515,329,0"
2018-11-09 12:09:44,"515,328,0"
2018-11-09 12:09:45,"515,329,0"
2018-11-09 12:09:45,"515,329,0"
2018-11-09 12:09:46,"516,329,0"
2018-11-09 12:09:47,"515,329,0"
2018-11-09 12:09:48,"516,329,0"
2018-11-09 12:09:49,"516,329,0"
2018-11-09 12:09:49,"515,330,0"
2018-11-09 12:09:50,"516,330,0"
2018-11-09 12:09:51,"516,330,0"
2018-11-09 12:09:52,"516,330,0"
2018-11-09 12:09:53,"516,330,0"
2018-11-09 12:09:54,"516,330,0"
2018-11-09 12:09:55,"516,330,0"
2018-11-09 12:09:55,"516,330,0"
2018-11-09 12:09:56,"516,330,0"
2018-11-09 12:09:57,"516,330,0"
2018-11-09 12:09:58,"516,330,0"
2018-11-09 12:09:59,"517,330,0"
2018-11-09 12:09:59,"516,330,0"
2018-11-09 12:10:00,"517,330,0"
2018-11-09 12:10:01,"517,330,0"
2018-11-09 12:10:02,"517,330,0"
2018-11-09 12:10:03,"517,330,0"
2018-11-09 12:10:04,"517,330,0"
2018-11-09 12:10:05,"517,330,0"
2018-11-09 12:10:05,"517,330,0"
2018-11-09 12:10:06,"517,330,0"
2018-11-09 12:10:07,"517,330,0"
2018-11-09 12:10:08,"517,330,0"
2018-11-09 12:10:09,"517,330,0"
2018-11-09 12:10:09,"517,330,0"
2018-11-09 12:10:10,"517,330,0"
2018-11-09 12:10:11,"517,330,0"
2018-11-09 12:10:12,"517,330,0"
2018-11-09 12:10:13,"517,330,0"
2018-11-09 12:10:13,"517,330,0"
2018-11-09 12:10:14,"517,330,0"
2018-11-09 12:10:15,"527,329,0"
2018-11-09 12:10:16,"517,330,0"
2018-11-09 12:10:17,"517,330,0"
2018-11-09 12:10:17,"517,330,0"
2018-11-09 12:10:18,"516,330,0"
2018-11-09 12:10:19,"517,330,0"
2018-11-09 12:10:20,"516,330,0"
2018-11-09 12:10:21,"516,330,0"
2018-11-09 12:10:21,"516,330,0"
2018-11-09 12:10:22,"516,330,0"
2018-11-09 12:10:23,"516,330,0"
2018-11-09 12:10:24,"516,330,0"
2018-11-09 12:10:25,"516,330,0"
2018-11-09 12:10:26,"516,329,0"
2018-11-09 12:10:26,"515,330,0"
2018-11-09 12:10:27,"515,329,0"
2018-11-09 12:10:28,"515,329,0"
2018-11-09 12:10:29,"516,329,0"
2018-11-09 12:10:30,"516,329,0"
2018-11-09 12:10:30,"515,329,0"
2018-11-09 12:10:31,"515,329,0"
2018-11-09 12:10:32,"515,329,0"
2018-11-09 12:10:33,"514,328,0"
2018-11-09 12:10:34,"514,329,0"
2018-11-09 12:10:35,"514,328,0"
2018-11-09 12:10:36,"514,329,0"
2018-11-09 12:10:36,"514,329,0"
2018-11-09 12:10:37,"514,330,0"
2018-11-09 12:10:38,"514,330,0"
2018-11-09 12:10:39,"514,330,0"
2018-11-09 12:10:40,"514,330,0"
2018-11-09 12:10:41,"514,330,0"
2018-11-09 12:10:41,"514,328,0"
2018-11-09 12:10:42,"514,328,0"
2018-11-09 12:10:43,"514,328,0"
2018-11-09 12:10:44,"514,328,0"
2018-11-09 12:10:45,"514,328,0"
2018-11-09 12:10:45,"514,329,0"
2018-11-09 12:10:46,"514,329,0"
2018-11-09 12:10:47,"514,329,0"
2018-11-09 12:10:48,"514,329,0"
2018-11-09 12:10:49,"514,329,0"
2018-11-09 12:10:49,"513,329,0"
2018-11-09 12:10:50,"513,329,0"
2018-11-09 12:10:51,"513,329,0"
2018-11-09 12:10:52,"513,329,0"
2018-11-09 12:10:53,"513,328,0"
2018-11-09 12:10:54,"513,329,0"
2018-11-09 12:10:54,"513,328,0"
2018-11-09 12:10:55,"513,329,0"
2018-11-09 12:10:56,"513,328,0"
2018-11-09 12:10:57,"513,328,0"
2018-11-09 12:10:58,"513,328,0"
2018-11-09 12:10:59,"513,328,0"
2018-11-09 12:10:59,"513,328,0"
2018-11-09 12:11:00,"513,328,0"
2018-11-09 12:11:01,"513,328,0"
2018-11-09 12:11:02,"513,329,0"
2018-11-09 12:11:03,"513,329,0"
2018-11-09 12:11:04,"513,329,0"
2018-11-09 12:11:04,"513,329,0"
2018-11-09 12:11:05,"513,329,0"
2018-11-09 12:11:06,"513,328,0"
2018-11-09 12:11:07,"513,328,0"
2018-11-09 12:11:08,"512,327,0"
2018-11-09 12:11:09,"513,327,0"
2018-11-09 12:11:09,"512,327,0"
2018-11-09 12:11:10,"512,327,0"
2018-11-09 12:11:11,"512,327,0"
2018-11-09 12:11:12,"512,327,0"
2018-11-09 12:11:13,"512,327,0"
2018-11-09 12:11:14,"512,327,0"
2018-11-09 12:11:14,"512,327,0"
2018-11-09 12:11:15,"512,327,0"
2018-11-09 12:11:16,"512,327,0"
2018-11-09 12:11:17,"512,327,0"
2018-11-09 12:11:18,"512,327,0"
2018-11-09 12:11:19,"512,327,0"
2018-11-09 12:11:20,"512,327,0"
2018-11-09 12:11:20,"511,327,0"
2018-11-09 12:11:21,"511,327,0"
2018-11-09 12:11:22,"511,327,0"
2018-11-09 12:11:23,"511,327,0"
2018-11-09 12:11:24,"511,327,0"
2018-11-09 12:11:25,"511,328,0"
2018-11-09 12:11:25,"511,328,0"
2018-11-09 12:11:26,"511,328,0"
2018-11-09 12:11:27,"510,328,0"
2018-11-09 12:11:28,"510,328,0"
2018-11-09 12:11:29,"510,328,0"
2018-11-09 12:11:29,"510,328,0"
2018-11-09 12:11:30,"512,328,0"
2018-11-09 12:11:31,"511,328,0"
2018-11-09 12:11:32,"510,328,0"
2018-11-09 12:11:33,"511,328,0"
2018-11-09 12:11:34,"511,328,0"
2018-11-09 12:11:35,"511,328,0"
2018-11-09 12:11:35,"511,328,0"
2018-11-09 12:11:36,"511,328,0"
2018-11-09 12:11:37,"511,328,0"
2018-11-09 12:11:38,"512,328,0"
2018-11-09 12:11:39,"512,327,0"
2018-11-09 12:11:40,"512,328,0"
2018-11-09 12:11:41,"512,327,0"
2018-11-09 12:11:41,"511,328,0"
2018-11-09 12:11:42,"511,328,0"
2018-11-09 12:11:43,"511,328,0"
2018-11-09 12:11:44,"511,328,0"
2018-11-09 12:11:45,"512,328,0"
2018-11-09 12:11:46,"511,328,0"
2018-11-09 12:11:46,"511,328,0"
2018-11-09 12:11:47,"512,328,0"
2018-11-09 12:11:48,"512,328,0"
2018-11-09 12:11:49,"512,328,0"
2018-11-09 12:11:50,"512,328,0"
2018-11-09 12:11:51,"512,328,0"
2018-11-09 12:11:52,"512,327,0"
2018-11-09 12:11:52,"512,328,0"
2018-11-09 12:11:53,"512,328,0"
2018-11-09 12:11:54,"512,328,0"
2018-11-09 12:11:55,"512,328,0"
2018-11-09 12:11:56,"512,328,0"
2018-11-09 12:11:57,"512,328,0"
2018-11-09 12:11:58,"511,328,0"
2018-11-09 12:11:59,"511,328,0"
2018-11-09 12:11:59,"511,328,0"
2018-11-09 12:12:00,"511,327,0"
2018-11-09 12:12:01,"511,327,0"
2018-11-09 12:12:02,"511,327,0"
2018-11-09 12:12:03,"511,327,0"
2018-11-09 12:12:04,"511,327,0"
2018-11-09 12:12:05,"511,327,0"
2018-11-09 12:12:05,"511,327,0"
2018-11-09 12:12:06,"511,326,0"
2018-11-09 12:12:07,"511,327,0"
2018-11-09 12:12:08,"511,327,0"
2018-11-09 12:12:09,"510,327,0"
2018-11-09 12:12:10,"510,327,0"
2018-11-09 12:12:11,"511,327,0"
2018-11-09 12:12:11,"509,326,0"
2018-11-09 12:12:12,"509,326,0"
2018-11-09 12:12:13,"510,326,0"
2018-11-09 12:12:14,"510,326,0"
2018-11-09 12:12:15,"510,326,0"
2018-11-09 12:12:16,"510,326,0"
2018-11-09 12:12:17,"510,326,0"
2018-11-09 12:12:18,"510,326,0"
2018-11-09 12:12:18,"511,326,0"
2018-11-09 12:12:19,"511,327,0"
2018-11-09 12:12:20,"511,328,0"
2018-11-09 12:12:21,"513,328,0"
2018-11-09 12:12:22,"514,329,0"
2018-11-09 12:12:23,"515,329,0"
2018-11-09 12:12:24,"516,329,0"
2018-11-09 12:12:24,"516,330,0"
2018-11-09 12:12:25,"518,330,0"
2018-11-09 12:12:26,"521,331,0"
2018-11-09 12:12:27,"525,331,0"
2018-11-09 12:12:28,"532,332,0"
2018-11-09 12:12:29,"539,332,0"
2018-11-09 12:12:30,"548,333,0"
2018-11-09 12:12:31,"555,334,0"
2018-11-09 12:12:31,"564,339,0"
2018-11-09 12:12:32,"569,341,0"
2018-11-09 12:12:33,"576,342,0"
2018-11-09 12:12:34,"584,346,0"
2018-11-09 12:12:35,"592,348,0"
2018-11-09 12:12:36,"601,351,0"
2018-11-09 12:12:37,"610,353,0"
2018-11-09 12:12:37,"622,355,0"
2018-11-09 12:12:38,"633,357,0"
2018-11-09 12:12:39,"644,359,0"
2018-11-09 12:12:40,"652,356,0"
2018-11-09 12:12:41,"673,357,0"
2018-11-09 12:12:42,"669,352,0"
2018-11-09 12:12:43,"675,352,0"
2018-11-09 12:12:43,"683,352,0"
2018-11-09 12:12:44,"687,352,0"
2018-11-09 12:12:45,"693,352,0"
2018-11-09 12:12:46,"698,351,0"
2018-11-09 12:12:47,"700,351,0"
2018-11-09 12:12:48,"699,350,0"
2018-11-09 12:12:49,"696,349,0"
2018-11-09 12:12:50,"691,346,0"
2018-11-09 12:12:51,"698,349,0"
2018-11-09 12:12:51,"698,349,0"
2018-11-09 12:12:52,"698,351,0"
2018-11-09 12:12:53,"714,350,0"
2018-11-09 12:12:54,"700,350,0"
2018-11-09 12:12:55,"719,349,0"
2018-11-09 12:12:55,"689,349,0"
2018-11-09 12:12:56,"723,349,0"
2018-11-09 12:12:57,"699,348,0"
2018-11-09 12:12:58,"710,350,0"
2018-11-09 12:12:59,"688,346,0"
2018-11-09 12:12:59,"726,349,0"
